{
  "project_info": {
    "project_number": "1060599616531",
    "firebase_url": "https://selfcare-b9138.firebaseio.com",
    "project_id": "selfcare-b9138",
    "storage_bucket": "selfcare-b9138.appspot.com"
  },
  "client": [
    {
      "client_info": {
        "mobilesdk_app_id": "1:1060599616531:android:fcd228bdbea4e60f391be6",
        "android_client_info": {
          "package_name": "com.reactnativefirebase.selfcare"
        }
      },
      "oauth_client": [
        {
          "client_id": "1060599616531-d0c211kllivn655bhtj43m5idcq66s58.apps.googleusercontent.com",
          "client_type": 3
        }
      ],
      "api_key": [
        {
          "current_key": "AIzaSyBMidoa2Eb6cWBp4Mb9BxtEarUIml2p67g"
        }
      ],
      "services": {
        "appinvite_service": {
          "other_platform_oauth_client": [
            {
              "client_id": "1060599616531-d0c211kllivn655bhtj43m5idcq66s58.apps.googleusercontent.com",
              "client_type": 3
            }
          ]
        }
      }
    }
  ],
  "configuration_version": "1"
}